{"_runtime":1339.2232959,"recall":0.6812,"_wandb":{"runtime":1339},"overfitting":0.6991,"f1":0.6735663731487502,"_step":0,"precision":0.6730844049782759,"_timestamp":1.735318800877087e+09,"accuracy":0.6812}