{"f1":0.6735663731487502,"overfitting":0.6992,"_wandb":{"runtime":1350},"recall":0.6812,"accuracy":0.6812,"_timestamp":1.7353111349514492e+09,"_step":0,"precision":0.6730844049782759,"_runtime":1350.2630471}