{"accuracy":0.72,"recall":0.72,"_wandb":{"runtime":53},"_step":0,"_runtime":53.654448976,"overfitting":0.7725,"precision":0.7211015911872704,"f1":0.7187297106563162,"_timestamp":1.7354992009862263e+09}