{"accuracy":0.74,"recall":0.74,"_step":0,"precision":0.7413871889024888,"f1":0.7388204456094364,"_wandb":{"runtime":49},"_timestamp":1.7354993015519633e+09,"_runtime":49.667201222,"overfitting":0.76625}