{"_runtime":11505.1083172,"_timestamp":1.7353698050571356e+09,"_step":0,"f1":0.9100900446029029,"accuracy":0.9104,"_wandb":{"runtime":11505},"recall":0.9104,"overfitting":0.9625,"precision":0.9100735008877208}