{"recall":0.955,"precision":0.9554635463546355,"accuracy":0.955,"_wandb":{"runtime":87},"_runtime":87.68712587,"_step":0,"f1":0.955016885553471,"_timestamp":1.7353975273252668e+09,"overfitting":1}