{"f1":0.8767526330173597,"accuracy":0.8772,"overfitting":0.9941,"precision":0.8770886428039133,"_runtime":1062.2038328,"_wandb":{"runtime":1062},"recall":0.8772,"_step":0,"_timestamp":1.735638826584025e+09}