{"precision":0.8510725892863131,"overfitting":0.9051,"recall":0.8532,"_step":0,"_wandb":{"runtime":5853},"f1":0.8515976586162795,"accuracy":0.8532,"_runtime":5853.7569179,"_timestamp":1.7353520129741807e+09}