{"_runtime":190.789351236,"precision":0.7714193563179366,"accuracy":0.77,"_wandb":{"runtime":190},"overfitting":0.8841666666666667,"recall":0.77,"f1":0.7691490441149688,"_timestamp":1.7353890028679333e+09,"_step":0}