{"accuracy":0.73,"precision":0.7415625,"_timestamp":1.7355011331355495e+09,"overfitting":0.6775,"_wandb":{"runtime":18},"_runtime":18.172186447,"recall":0.73,"f1":0.724679802955665,"_step":0}