{"_timestamp":1.7353004740453088e+09,"_runtime":294.421769845,"_step":0,"_wandb":{"runtime":294},"overfitting":0.9958333333333333,"precision":0.7970018565076704,"f1":0.7858057215445836,"accuracy":0.79,"recall":0.79}