{"precision":0.7312443900448795,"_timestamp":1.7355012397724533e+09,"accuracy":0.73,"f1":0.7287750781328763,"_runtime":44.162859514,"overfitting":0.9975,"recall":0.73,"_wandb":{"runtime":44},"_step":0}