{"_timestamp":1.735400713542825e+09,"accuracy":0.8068,"f1":0.8049119198078344,"_wandb":{"runtime":2419},"recall":0.8068,"_runtime":2419.9673362,"overfitting":0.831,"precision":0.8050339079070225,"_step":0}