{"_timestamp":1.7356470128149812e+09,"accuracy":0.9556,"_step":0,"overfitting":1,"recall":0.9556,"f1":0.9554355617504036,"_runtime":2025.0825587,"_wandb":{"runtime":2025},"precision":0.9556218916536791}