{"precision":0.8050856238435772,"_timestamp":1.7355868613297353e+09,"overfitting":0.91375,"_step":0,"_runtime":520.08594504,"accuracy":0.8075,"recall":0.8075,"f1":0.8033657614764451,"_wandb":{"runtime":520}}