{"_wandb":{"runtime":56},"recall":0.75,"accuracy":0.75,"_step":0,"precision":0.75,"_timestamp":1.735501468779475e+09,"_runtime":56.764045554,"overfitting":1,"f1":0.75}