{"_runtime":2352.1316598,"recall":0.78,"precision":0.7751881162957367,"accuracy":0.78,"_wandb":{"runtime":2352},"f1":0.7765587424570747,"_step":0,"overfitting":0.8027,"_timestamp":1.7353316952748923e+09}