{"_wandb":{"runtime":116},"overfitting":0.89609375,"recall":0.890625,"f1":0.8907373990702225,"_runtime":116.779413996,"accuracy":0.890625,"_timestamp":1.735505563681756e+09,"_step":0,"precision":0.8917023334896811}