{"f1":0.7752385539831018,"overfitting":0.8891666666666667,"accuracy":0.7766666666666666,"recall":0.7766666666666666,"_timestamp":1.7353892232782218e+09,"_step":0,"precision":0.7762919830405957,"_wandb":{"runtime":197},"_runtime":197.63619999}