{"recall":0.6842,"precision":0.6736566309987578,"_step":0,"f1":0.6758508833725569,"_wandb":{"runtime":38},"accuracy":0.6842,"_runtime":38.060401,"overfitting":0.6932,"_timestamp":1.735415327263e+09}