{"_timestamp":1.735505695286831e+09,"precision":0.9594105392156862,"accuracy":0.959375,"f1":0.9593833673339283,"_runtime":107.658236981,"_step":0,"_wandb":{"runtime":107},"overfitting":0.94921875,"recall":0.959375}