{"f1":0.9473036358653313,"_step":0,"overfitting":1,"_timestamp":1.735334389618802e+09,"_wandb":{"runtime":2692},"precision":0.9475763371603038,"recall":0.9476,"accuracy":0.9476,"_runtime":2692.0752904}