{"overfitting":1,"_runtime":11176.0816507,"_step":0,"f1":0.9381171831414369,"recall":0.9384,"_wandb":{"runtime":11176},"_timestamp":1.735380983693256e+09,"precision":0.9388591580985541,"accuracy":0.9384}