{"precision":0.9513846002475488,"recall":0.9512,"_runtime":1325.7669455,"_wandb":{"runtime":1325},"accuracy":0.9512,"_step":0,"_timestamp":1.7355927430325139e+09,"f1":0.9510950884174546,"overfitting":1}