{"_runtime":3881.3085329,"_step":0,"overfitting":1,"recall":0.9396,"accuracy":0.9396,"f1":0.9392444068901231,"_timestamp":1.73534615681987e+09,"precision":0.9394976120584486,"_wandb":{"runtime":3881}}