{"f1":0.9625147058823529,"_runtime":124.783598793,"overfitting":1,"recall":0.9625,"_wandb":{"runtime":124},"precision":0.9626048238567343,"_timestamp":1.735505394170191e+09,"_step":0,"accuracy":0.9625}