{"f1":0.8197670512488064,"accuracy":0.8224,"_step":0,"_runtime":3467.7281845,"_wandb":{"runtime":3467},"overfitting":0.8493,"_timestamp":1.7353422729165423e+09,"precision":0.8192825548478205,"recall":0.8224}