{"recall":0.9448,"_step":0,"precision":0.9449698767732212,"accuracy":0.9448,"_runtime":6282.4785525,"overfitting":1,"_timestamp":1.7353582979260147e+09,"_wandb":{"runtime":6282},"f1":0.9444678357631998}