{"overfitting":1,"_runtime":398.0281756,"_wandb":{"runtime":398},"recall":0.8266666666666667,"_timestamp":1.735581499449564e+09,"_step":0,"f1":0.827160199315849,"accuracy":0.8266666666666667,"precision":0.8297397654659083}