{"accuracy":0.9224,"_runtime":1247.9089704,"_wandb":{"runtime":1247},"precision":0.9223709155549371,"overfitting":1,"_step":0,"recall":0.9224,"_timestamp":1.7356029264240344e+09,"f1":0.9221859370901341}