{"accuracy":0.715,"recall":0.715,"_runtime":26.280367755,"precision":0.7172155287817938,"overfitting":0.77,"_timestamp":1.7355024083679523e+09,"_step":0,"_wandb":{"runtime":26},"f1":0.7130331909300034}