{"accuracy":0.43333333333333335,"_wandb":{"runtime":45},"_runtime":45.46568096,"_timestamp":1.735393839701426e+09,"_step":0,"overfitting":0.7875,"precision":0.43608227937313393,"f1":0.4254842068194693,"recall":0.43333333333333335}