{"_timestamp":1.7355870022360203e+09,"accuracy":0.9636,"_runtime":2099.0257738,"precision":0.9635443772881945,"overfitting":1,"f1":0.9635539063669321,"_step":0,"_wandb":{"runtime":2099},"recall":0.9636}