{"_step":0,"overfitting":1,"precision":0.8375332068311196,"f1":0.836532486704146,"_wandb":{"runtime":344},"recall":0.8366666666666667,"_runtime":344.5759393,"accuracy":0.8366666666666667,"_timestamp":1.7353946184452348e+09}