{"accuracy":0.8433333333333334,"precision":0.8438583638583639,"_timestamp":1.7353975429950104e+09,"f1":0.8432312880480006,"_step":0,"overfitting":1,"_wandb":{"runtime":205},"_runtime":205.4572244,"recall":0.8433333333333334}