{"precision":0.7522922605849436,"recall":0.745,"accuracy":0.745,"f1":0.7416689159939905,"_timestamp":1.7355011715585563e+09,"_runtime":25.868128492,"overfitting":0.725,"_wandb":{"runtime":25},"_step":0}