{"recall":0.9692,"_runtime":3623.9761587,"overfitting":1,"f1":0.969098281690601,"_timestamp":1.7355913238736932e+09,"_step":0,"accuracy":0.9692,"precision":0.9691177027581929,"_wandb":{"runtime":3623}}