{"_runtime":374.184282169,"recall":0.7766666666666666,"overfitting":1,"accuracy":0.7766666666666666,"precision":0.7754604261796042,"_step":0,"f1":0.7717108285018659,"_wandb":{"runtime":374},"_timestamp":1.7352977103625903e+09}