{"_wandb":{"runtime":40},"precision":0.7402424242424243,"f1":0.7394513114259874,"_step":0,"accuracy":0.74,"_timestamp":1.7355036301169176e+09,"_runtime":40.847782597,"recall":0.74,"overfitting":1}