{"precision":0.7152586294159328,"_runtime":39.103577522,"recall":0.715,"f1":0.714247642991829,"_timestamp":1.7355013053553567e+09,"overfitting":0.99875,"accuracy":0.715,"_step":0,"_wandb":{"runtime":39}}