{"f1":0.20796466137076683,"_step":0,"overfitting":0.6891666666666667,"_timestamp":1.7353931851200526e+09,"_wandb":{"runtime":105},"recall":0.28,"_runtime":105.537890781,"precision":0.4480883838383839,"accuracy":0.28}