{"accuracy":0.7866666666666666,"_wandb":{"runtime":171},"_step":0,"f1":0.7824828936050621,"overfitting":1,"_runtime":171.364560477,"recall":0.7866666666666666,"_timestamp":1.7352971948768868e+09,"precision":0.7830154743186583}